"holiday_flag","average_ws"
0,"1041256.380208855472"
1,"1122887.892355555556"
